event_id,edep_MeV
0,0.662
1,0.662
2,0.662
3,0
4,0.662
5,0
6,0.662
7,0.095104
8,0.192905
9,0.241619
10,0.032782
11,0
12,0
13,0.662
14,0.662
15,0
16,0.662
17,0.662
18,0.662
19,0
